week,actual_spending,predicted_spending_next_week
2004-01-04,6869.02,6113.34
2004-01-11,14359.29,14459.85
2004-01-18,11515.92,12410.99
2004-01-25,9782.56,10339.9
2004-02-01,4028.24,4763.99
2004-02-08,4027.93,4409.01
2004-02-15,2755.09,3216.55
2004-02-22,13260.29,14098.36
2004-02-29,9814.5,9213.7
2004-03-07,11204.94,11179.56
2004-03-14,2267.6,1598.5
2004-03-21,14608.83,15779.23
2004-03-28,12821.75,13887.49
2004-04-04,4760.41,3655.03
2004-04-11,4363.72,4857.1
2004-04-18,4384.26,5404.86
2004-04-25,5955.15,5188.53
2004-05-02,8821.83,8984.9
2004-05-09,7615.29,8612.46
2004-05-16,5785.98,4667.45
2004-05-23,9954.09,10427.9
2004-05-30,3813.42,3327.06
2004-06-06,5797.88,6816.43
2004-06-13,6762.7,7893.24
2004-06-20,7928.91,8995.15
2004-06-27,12207.29,12145.4
2004-07-04,4595.76,5464.66
2004-07-11,8685.05,9511.97
2004-07-18,9701.39,9267.23
2004-07-25,2603.86,3393.26
2004-08-01,9898.08,8786.9
2004-08-08,4216.81,4447.86
2004-08-15,2845.67,2197.69
2004-08-22,14335.51,13424.87
2004-08-29,14553.22,13537.91
2004-09-05,12509.17,12980.26
2004-09-12,5959.98,5575.68
2004-09-19,3269.74,3809.18
2004-09-26,10895.03,9851.89
2004-10-03,7721.98,7278.68
2004-10-10,3586.5,3681.28
2004-10-17,8437.3,9135.04
2004-10-24,2447.05,2012.06
2004-10-31,13821.17,14123.31
2004-11-07,5364.14,6290.49
2004-11-14,10612.79,10890.86
2004-11-21,6052.24,5411.34
2004-11-28,8760.88,7619.44
2004-12-05,9107.23,9995.47
2004-12-12,4403.11,3254.16
2004-12-19,14604.6,15503.88
2004-12-26,12076.73,12146.18
2005-01-02,14213.49,15267.25
2005-01-09,13632.76,14349.84
2005-01-16,9772.7,10967.74
2005-01-23,13984.37,13626.08
2005-01-30,3150.4,3791.65
2005-02-06,4547.78,4312.41
2005-02-13,2587.95,2539.65
2005-02-20,6229.29,6535.3
2005-02-27,7052.8,7949.63
2005-03-06,5527.54,6689.34
2005-03-13,12773.59,13417.45
2005-03-20,6637.79,6440.43
2005-03-27,5652.15,5463.41
2005-04-03,9055.05,9625.25
2005-04-10,3832.01,3205.08
2005-04-17,12428.56,11493.7
2005-04-24,2969.16,2620.25
2005-05-01,14829.53,14318.9
2005-05-08,12039.18,11550.32
2005-05-15,4583.3,3943.96
2005-05-22,2071.79,972.81
2005-05-29,12601.0,11443.9
2005-06-05,11189.15,12359.68
2005-06-12,11477.09,11303.75
2005-06-19,12026.51,11748.89
2005-06-26,2962.58,3393.73
2005-07-03,6660.05,5983.86
2005-07-10,3506.3,4586.21
2005-07-17,13220.34,13907.57
2005-07-24,10102.88,9117.47
2005-07-31,6301.67,6103.86
2005-08-07,2826.26,3736.14
2005-08-14,6042.77,7110.13
2005-08-21,6227.38,6149.14
2005-08-28,11484.88,11757.07
2005-09-04,10288.25,9489.13
2005-09-11,13533.77,14712.57
2005-09-18,8138.79,7494.8
2005-09-25,3554.73,4617.29
2005-10-02,11272.18,11631.33
2005-10-09,11890.21,12148.78
2005-10-16,9296.6,9327.05
2005-10-23,12022.57,11376.18
2005-10-30,8419.34,7643.01
2005-11-06,8795.53,8124.7
2005-11-13,7558.03,6805.48
2005-11-20,2330.45,3001.45
2005-11-27,3402.59,3042.89
2005-12-04,2408.58,1347.4
2005-12-11,10273.34,11399.19
2005-12-18,6086.63,7007.72
2005-12-25,8611.42,9638.03
2006-01-01,13798.36,14986.14
2006-01-08,5240.8,4458.15
2006-01-15,7334.98,7085.96
2006-01-22,11822.16,12441.93
2006-01-29,4974.38,5444.83
2006-02-05,3000.74,2170.09
2006-02-12,5766.77,6524.77
2006-02-19,4095.88,3434.54
2006-02-26,14086.07,13423.23
2006-03-05,12505.56,12594.3
2006-03-12,10234.25,10457.31
2006-03-19,13328.99,13521.2
2006-03-26,12447.74,11467.31
2006-04-02,4425.41,5331.32
2006-04-09,13603.27,13040.71
2006-04-16,9011.45,8122.29
2006-04-23,12496.72,13429.72
2006-04-30,13649.19,14742.75
2006-05-07,6134.05,7003.16
2006-05-14,3430.68,4173.52
2006-05-21,4963.16,5335.74
2006-05-28,7552.4,7674.46
2006-06-04,12634.19,11642.96
2006-06-11,13189.5,12969.79
2006-06-18,2090.38,1784.83
2006-06-25,8639.71,8063.12
2006-07-02,7426.34,7962.55
2006-07-09,4887.4,4877.5
2006-07-16,3558.25,2552.76
2006-07-23,6389.0,5717.44
2006-07-30,14257.83,14697.65
2006-08-06,6201.64,5184.35
2006-08-13,8744.28,9587.18
2006-08-20,11139.25,11127.6
2006-08-27,6727.18,6680.59
2006-09-03,14633.17,14854.95
2006-09-10,14511.81,15291.04
2006-09-17,5273.17,4907.91
2006-09-24,8464.23,8891.47
2006-10-01,5911.42,6069.18
2006-10-08,5702.93,5143.8
2006-10-15,2479.53,3388.24
2006-10-22,9924.34,10638.16
2006-10-29,8534.83,8915.11
2006-11-05,2669.22,3510.62
2006-11-12,5622.4,6503.91
2006-11-19,13807.46,14307.53
2006-11-26,5114.3,5923.13
2006-12-03,3883.63,4357.56
2006-12-10,8362.89,8795.23
2006-12-17,14813.46,15098.13
2006-12-24,5146.72,5753.24
2006-12-31,10737.76,9918.41
2007-01-07,11901.05,12815.14
2007-01-14,5089.29,5981.71
2007-01-21,11466.81,10337.0
2007-01-28,6781.18,7563.14
2007-02-04,10219.98,9329.27
2007-02-11,10235.89,9840.18
2007-02-18,8965.07,9549.49
2007-02-25,3173.77,2359.59
2007-03-04,12858.93,13622.05
2007-03-11,6170.14,6967.26
2007-03-18,4424.74,4442.66
2007-03-25,2530.08,1345.41
2007-04-01,9681.61,9170.5
2007-04-08,10808.34,11088.96
2007-04-15,2215.64,3370.49
2007-04-22,8657.21,8973.56
2007-04-29,4944.45,4367.98
2007-05-06,10387.25,10708.86
2007-05-13,4266.76,4362.72
2007-05-20,10982.19,11653.82
2007-05-27,7027.56,6084.31
2007-06-03,14177.49,14803.96
2007-06-10,3787.77,3886.81
2007-06-17,6433.86,7545.04
2007-06-24,3475.16,3095.65
2007-07-01,14021.02,14339.31
2007-07-08,13405.41,14442.28
2007-07-15,5353.24,4399.26
2007-07-22,10579.79,11629.14
2007-07-29,12623.89,13074.82
2007-08-05,9217.61,8180.42
2007-08-12,8885.46,8407.77
2007-08-19,5144.08,5643.69
2007-08-26,3210.34,2171.98
2007-09-02,13663.8,13861.01
2007-09-09,13705.43,13335.55
2007-09-16,10230.32,10520.52
2007-09-23,6407.39,5317.17
2007-09-30,6539.72,7431.41
2007-10-07,11437.42,12573.79
2007-10-14,13662.43,14787.74
2007-10-21,13532.12,14131.28
2007-10-28,12138.38,11250.59
2007-11-04,10346.41,10966.24
2007-11-11,3093.82,1952.83
2007-11-18,4101.17,2954.27
2007-11-25,13681.2,13257.86
2007-12-02,9883.58,9856.32
2007-12-09,2119.56,2768.54
2007-12-16,3319.13,3759.04
2007-12-23,10625.52,10495.69
2007-12-30,2065.8,1522.5
2008-01-06,4090.5,5283.6
2008-01-13,9133.54,8956.38
2008-01-20,10994.64,10877.97
2008-01-27,10475.5,9668.2
2008-02-03,4915.5,5623.04
2008-02-10,11258.33,11723.17
2008-02-17,5084.24,4414.09
2008-02-24,6230.2,5227.91
2008-03-02,11704.39,12137.59
2008-03-09,10445.23,10816.06
2008-03-16,13039.9,12495.72
2008-03-23,10548.97,11631.04
2008-03-30,9388.01,8550.55
2008-04-06,3217.77,3055.37
2008-04-13,6780.31,7844.99
2008-04-20,5447.63,5254.98
2008-04-27,5171.87,5504.33
2008-05-04,14649.14,14403.37
2008-05-11,7110.27,6568.39
2008-05-18,13596.61,14758.16
2008-05-25,10204.8,9987.2
2008-06-01,12332.55,13278.39
2008-06-08,8534.28,7886.17
2008-06-15,9499.75,8811.2
2008-06-22,8402.73,7277.45
2008-06-29,4538.16,4902.16
2008-07-06,11391.88,11076.34
2008-07-13,5650.04,6524.5
2008-07-20,2316.11,2251.81
2008-07-27,10391.14,11514.8
2008-08-03,4302.44,3547.7
2008-08-10,14225.96,15110.66
2008-08-17,14401.07,15064.9
2008-08-24,13893.24,14543.45
2008-08-31,6812.06,7639.54
2008-09-07,2200.94,2827.4
2008-09-14,14068.14,14371.07
2008-09-21,7566.39,6681.38
2008-09-28,14566.51,13444.57
2008-10-05,14527.06,15537.09
2008-10-12,13089.12,13369.08
2008-10-19,5827.84,6539.53
2008-10-26,7006.27,6961.92
2008-11-02,13064.78,12146.32
2008-11-09,6119.99,5220.44
2008-11-16,4203.41,4648.77
2008-11-23,9238.42,9071.15
2008-11-30,14170.01,13451.27
2008-12-07,11048.39,11028.22
2008-12-14,9410.8,8364.9
2008-12-21,3263.29,3460.02
2008-12-28,9995.09,9440.67
2009-01-04,14870.7,15584.84
2009-01-11,3821.09,3365.96
2009-01-18,8738.29,8630.82
2009-01-25,13405.85,12233.74
2009-02-01,11629.99,10603.86
2009-02-08,11061.2,10803.18
2009-02-15,11132.29,11084.14
2009-02-22,6673.38,6913.43
2009-03-01,5816.69,5316.68
2009-03-08,12521.7,12989.66
2009-03-15,12531.47,13395.76
2009-03-22,13271.94,13943.58
2009-03-29,13872.13,12767.22
2009-04-05,8647.45,8600.67
2009-04-12,8519.71,7571.54
2009-04-19,12377.84,11758.75
2009-04-26,10449.53,11617.52
2009-05-03,11125.57,10267.56
2009-05-10,12345.3,12342.63
2009-05-17,13570.07,13853.64
2009-05-24,6393.94,6879.86
2009-05-31,6882.58,7025.74
2009-06-07,3221.77,2045.22
2009-06-14,9517.64,9101.15
2009-06-21,2467.25,2509.76
2009-06-28,8052.77,7063.65
2009-07-05,9054.38,8695.88
2009-07-12,5725.04,4604.73
2009-07-19,9680.83,8669.42
2009-07-26,2396.5,2149.12
2009-08-02,2485.53,1604.05
2009-08-09,12693.81,12855.91
2009-08-16,6682.48,7137.2
2009-08-23,3651.79,4373.2
2009-08-30,8789.16,8069.52
2009-09-06,12009.92,11211.88
2009-09-13,4805.67,3856.63
2009-09-20,10097.58,10425.01
2009-09-27,3109.52,3605.06
2009-10-04,2671.86,1547.67
2009-10-11,8907.61,9954.52
2009-10-18,9028.26,7952.99
2009-10-25,10286.59,10385.7
2009-11-01,11439.19,11940.94
2009-11-08,14686.08,15576.41
2009-11-15,8711.9,9225.71
2009-11-22,6198.43,6922.58
2009-11-29,12337.42,11952.1
2009-12-06,5520.82,6276.4
2009-12-13,7706.63,6698.91
2009-12-20,3019.93,3967.49
2009-12-27,2329.56,2443.78
2010-01-03,14514.43,15275.94
2010-01-10,12867.74,12753.3
2010-01-17,11047.66,11392.25
2010-01-24,7316.39,7379.76
2010-01-31,4252.83,4808.64
2010-02-07,4033.68,3029.59
2010-02-14,5253.16,4198.01
2010-02-21,9139.95,8533.0
2010-02-28,11289.75,10472.66
2010-03-07,10582.57,11474.85
2010-03-14,5639.14,4965.25
2010-03-21,14413.25,15555.33
2010-03-28,11592.66,11201.21
2010-04-04,9206.6,8443.68
2010-04-11,9952.37,10647.65
2010-04-18,7454.8,7835.7
2010-04-25,5220.5,5216.17
2010-05-02,6627.64,6760.51
2010-05-09,11852.0,12378.08
2010-05-16,2187.12,1535.41
2010-05-23,3508.94,4700.14
2010-05-30,2598.03,3737.53
2010-06-06,2529.47,2890.25
2010-06-13,13120.99,12399.89
2010-06-20,11147.55,11580.1
2010-06-27,8164.26,7137.54
2010-07-04,3271.84,2145.41
2010-07-11,8391.01,7809.45
2010-07-18,8155.13,8065.43
2010-07-25,4251.62,5135.47
2010-08-01,7640.07,8185.28
2010-08-08,7180.56,7763.06
2010-08-15,10006.05,9827.23
2010-08-22,10256.22,9886.46
2010-08-29,2588.95,2279.44
2010-09-05,6869.96,8040.32
2010-09-12,10136.18,9032.44
2010-09-19,8540.77,9421.65
2010-09-26,13134.37,13323.19
2010-10-03,10563.02,10415.7
2010-10-10,4118.15,4658.77
2010-10-17,2917.39,2885.4
2010-10-24,10351.45,11247.67
2010-10-31,2344.65,3306.33
2010-11-07,9615.08,9427.21
2010-11-14,14222.99,13687.38
2010-11-21,9481.16,9702.8
2010-11-28,7046.21,8035.88
2010-12-05,10362.75,9668.34
2010-12-12,7957.29,8252.41
2010-12-19,9093.02,9408.76
2010-12-26,14239.04,14798.51
2011-01-02,7019.33,6135.09
2011-01-09,14495.48,15013.46
2011-01-16,13769.56,14751.24
2011-01-23,4545.28,3776.52
2011-01-30,2901.7,2271.8
2011-02-06,3310.11,4441.46
2011-02-13,2236.88,1471.22
2011-02-20,3227.76,4078.28
2011-02-27,10879.09,10860.56
2011-03-06,2925.45,2318.8
2011-03-13,6146.68,7036.48
2011-03-20,12983.38,12852.11
2011-03-27,2302.54,2338.1
2011-04-03,12588.09,12250.25
2011-04-10,5664.11,5887.19
2011-04-17,3536.14,2728.6
2011-04-24,11057.58,10796.18
2011-05-01,10176.26,11302.85
2011-05-08,13407.14,12826.66
2011-05-15,11555.92,11932.09
2011-05-22,12445.25,12025.71
2011-05-29,5666.45,6322.79
2011-06-05,4306.71,3420.81
2011-06-12,11757.99,12885.56
2011-06-19,12488.85,12377.94
2011-06-26,14876.57,14243.09
2011-07-03,7364.03,6340.42
2011-07-10,6836.24,6043.66
2011-07-17,12093.37,12140.83
2011-07-24,6430.45,6039.26
2011-07-31,14099.85,14889.17
2011-08-07,13159.37,12993.5
2011-08-14,7576.92,6973.83
2011-08-21,11761.32,12042.47
2011-08-28,11809.06,12305.33
2011-09-04,3340.61,2541.51
2011-09-11,13733.19,12935.48
2011-09-18,8568.28,7456.29
2011-09-25,12743.95,13311.31
2011-10-02,6160.64,6553.77
2011-10-09,13641.8,13580.91
2011-10-16,7059.62,7885.63
2011-10-23,2140.89,2874.5
2011-10-30,13769.97,13974.82
2011-11-06,3186.73,4070.58
2011-11-13,6151.08,5445.1
2011-11-20,14350.81,13419.42
2011-11-27,14357.89,13805.29
2011-12-04,9454.69,8391.7
2011-12-11,10213.88,10288.69
2011-12-18,7829.79,8877.64
2011-12-25,5811.74,4706.16
2012-01-01,6272.64,5365.7
2012-01-08,10742.74,10628.02
2012-01-15,11780.87,12822.17
2012-01-22,12290.53,11849.3
2012-01-29,12265.04,12282.4
2012-02-05,3185.68,2085.45
2012-02-12,8427.46,7583.48
2012-02-19,2748.26,3916.17
2012-02-26,9143.88,10260.16
2012-03-04,7739.9,6551.76
2012-03-11,13540.15,14624.5
2012-03-18,6561.9,6895.79
2012-03-25,3521.87,4404.87
2012-04-01,3858.89,3750.27
2012-04-08,11899.64,11937.07
2012-04-15,10036.83,10010.06
2012-04-22,3314.59,3715.06
2012-04-29,3093.39,2228.55
2012-05-06,11112.6,9984.54
2012-05-13,2945.92,2484.95
2012-05-20,12684.18,13175.41
2012-05-27,11181.15,10465.6
2012-06-03,3057.53,3473.77
2012-06-10,3102.89,4230.68
2012-06-17,14826.31,13851.67
2012-06-24,6865.52,7279.77
2012-07-01,6818.35,6683.35
2012-07-08,12566.39,13449.93
2012-07-15,14314.23,13539.39
2012-07-22,14818.01,15280.31
2012-07-29,11793.92,12605.4
2012-08-05,6891.37,7958.44
2012-08-12,3085.51,3525.31
2012-08-19,12102.91,12096.13
2012-08-26,9259.26,9542.09
2012-09-02,7514.89,8400.26
2012-09-09,13782.61,13952.07
2012-09-16,3445.57,2318.5
2012-09-23,8404.13,9438.41
2012-09-30,2147.6,2602.46
2012-10-07,8092.59,8516.22
2012-10-14,2731.94,2049.56
2012-10-21,3544.63,3925.96
2012-10-28,3527.84,3273.11
2012-11-04,10439.73,10802.69
2012-11-11,11698.58,10754.4
2012-11-18,9583.79,9962.62
2012-11-25,14508.24,15706.83
2012-12-02,6873.32,5789.03
2012-12-09,5714.26,6859.48
2012-12-16,13291.79,13068.37
2012-12-23,4906.75,5796.56
2012-12-30,14521.89,15199.62
2013-01-06,2158.01,2318.85
2013-01-13,14608.42,15180.7
2013-01-20,2561.08,3469.52
2013-01-27,13584.86,13354.8
2013-02-03,8860.11,8444.99
2013-02-10,14908.54,15310.76
2013-02-17,2959.36,3698.19
2013-02-24,9200.11,9829.59
2013-03-03,14600.93,15315.68
2013-03-10,8800.27,8645.67
2013-03-17,10182.18,10944.98
2013-03-24,11044.73,10133.23
2013-03-31,7909.03,8015.8
2013-04-07,10158.26,8972.08
2013-04-14,9596.09,9175.1
2013-04-21,13715.05,13394.56
2013-04-28,2590.8,2341.61
2013-05-05,5652.52,6121.64
2013-05-12,14355.35,14087.89
2013-05-19,13573.43,13450.29
2013-05-26,7923.54,7293.65
2013-06-02,10061.72,9757.52
2013-06-09,5605.96,4951.41
2013-06-16,4445.58,3421.25
2013-06-23,8028.08,8276.36
2013-06-30,6593.58,6997.29
2013-07-07,9587.53,9874.31
2013-07-14,3010.55,2922.94
2013-07-21,14667.13,14378.62
2013-07-28,14820.74,15692.74
2013-08-04,11076.1,11121.9
2013-08-11,8969.25,8919.29
2013-08-18,6023.86,4885.4
2013-08-25,12579.34,12198.33
2013-09-01,10901.51,10613.98
2013-09-08,4114.02,3871.19
2013-09-15,13842.05,14034.46
2013-09-22,12692.98,12773.63
2013-09-29,14347.4,14606.37
2013-10-06,11434.35,12070.07
2013-10-13,9974.4,10725.57
2013-10-20,7437.16,7960.66
2013-10-27,14125.47,15218.73
2013-11-03,13258.83,12102.59
2013-11-10,2587.84,1857.71
2013-11-17,2342.77,1160.92
2013-11-24,6894.02,7247.96
2013-12-01,12537.19,13492.46
2013-12-08,14834.59,14218.95
2013-12-15,3955.42,4980.3
2013-12-22,9723.7,8668.34
2013-12-29,6951.58,7994.23
2014-01-05,14608.89,14252.78
2014-01-12,12947.55,11990.96
2014-01-19,12898.27,12864.36
2014-01-26,8093.01,7509.27
2014-02-02,7392.65,6876.34
2014-02-09,5554.29,5091.79
2014-02-16,2732.88,3460.14
2014-02-23,13241.39,13335.38
2014-03-02,12567.71,12114.85
2014-03-09,14996.33,15261.13
2014-03-16,14956.28,15475.04
2014-03-23,9220.61,8674.91
2014-03-30,11996.84,11789.36
2014-04-06,14281.95,13374.48
2014-04-13,13045.42,12280.18
2014-04-20,5215.53,5650.21
2014-04-27,7857.07,7092.52
2014-05-04,3679.07,3739.46
2014-05-11,14402.66,14904.37
2014-05-18,9880.27,8936.77
2014-05-25,4972.36,5133.91
2014-06-01,10732.11,10147.86
2014-06-08,10035.67,11146.69
2014-06-15,6656.12,6616.63
2014-06-22,3476.25,4210.63
2014-06-29,10730.45,10850.99
2014-07-06,8764.0,7668.19
2014-07-13,12040.14,12359.7
2014-07-20,8762.13,9845.5
2014-07-27,13078.36,13322.23
2014-08-03,9174.79,9940.84
2014-08-10,9292.19,10214.29
2014-08-17,13396.5,12743.89
2014-08-24,7245.28,6554.19
2014-08-31,3742.2,4008.55
2014-09-07,2374.17,2160.64
2014-09-14,11816.78,12632.45
2014-09-21,10064.02,11024.08
2014-09-28,11153.04,10801.25
2014-10-05,4768.53,4137.02
2014-10-12,3772.83,4446.09
2014-10-19,2189.08,1648.61
2014-10-26,6557.64,7331.91
2014-11-02,9668.93,9485.9
2014-11-09,7099.17,7501.29
2014-11-16,7687.17,6716.45
2014-11-23,13754.06,14051.32
2014-11-30,6527.32,6411.56
2014-12-07,8681.86,8889.72
2014-12-14,12187.49,11390.72
2014-12-21,7155.06,7723.56
2014-12-28,10087.13,10957.84
2015-01-04,13210.73,12530.91
2015-01-11,14343.77,13373.48
2015-01-18,3911.96,2768.69
2015-01-25,14045.64,14386.37
2015-02-01,8397.51,8654.54
2015-02-08,5357.18,5469.25
2015-02-15,7968.76,7325.43
2015-02-22,14740.42,14478.59
2015-03-01,8404.04,8630.78
2015-03-08,6273.77,6266.01
2015-03-15,10234.21,11404.9
2015-03-22,5121.89,4249.35
2015-03-29,2986.22,3454.57
2015-04-05,3675.44,3445.81
2015-04-12,3664.6,3492.28
2015-04-19,3974.74,4496.97
2015-04-26,3804.75,4266.6
2015-05-03,10331.37,11510.38
2015-05-10,4364.44,3472.59
2015-05-17,6493.67,5543.53
2015-05-24,13658.25,14196.66
2015-05-31,8161.5,8349.63
2015-06-07,10678.25,10136.24
2015-06-14,4240.16,3230.77
2015-06-21,4499.76,3505.34
2015-06-28,2531.29,3477.35
2015-07-05,4196.16,3456.64
2015-07-12,5621.67,5197.76
2015-07-19,4301.14,3645.12
2015-07-26,3153.13,2805.12
2015-08-02,3568.27,2534.89
2015-08-09,7990.12,8035.86
2015-08-16,4682.34,3644.61
2015-08-23,6735.51,7456.37
2015-08-30,8544.42,7905.33
2015-09-06,10975.13,11071.16
2015-09-13,2511.06,3423.25
2015-09-20,12392.34,12754.45
2015-09-27,10162.71,10241.81
2015-10-04,3062.87,2641.27
2015-10-11,13356.52,12955.72
2015-10-18,13971.34,14378.11
2015-10-25,2794.01,3979.94
2015-11-01,5599.41,5987.82
2015-11-08,12480.62,12619.3
2015-11-15,11727.38,12280.94
2015-11-22,4398.77,4315.26
2015-11-29,4721.54,3665.88
2015-12-06,6816.14,6965.65
2015-12-13,8298.8,9397.1
2015-12-20,10037.31,9258.04
2015-12-27,6795.88,7251.89
2016-01-03,8012.95,7295.19
2016-01-10,11717.12,11803.11
2016-01-17,2476.88,1508.9
2016-01-24,5281.68,5162.57
2016-01-31,11273.54,11888.33
2016-02-07,13637.69,13271.86
2016-02-14,8651.81,9047.6
2016-02-21,8917.48,9626.56
2016-02-28,3393.24,4418.47
2016-03-06,7816.36,7179.5
2016-03-13,8924.02,8682.38
2016-03-20,5152.12,4317.92
2016-03-27,5500.16,6682.12
2016-04-03,6904.69,7929.49
2016-04-10,2260.93,2356.83
2016-04-17,6187.03,7007.91
2016-04-24,4748.82,4799.12
2016-05-01,6257.47,6554.08
2016-05-08,3556.91,2570.81
2016-05-15,13576.85,14189.5
2016-05-22,9716.7,8823.21
2016-05-29,10828.33,11610.89
2016-06-05,12259.23,12936.1
2016-06-12,8479.75,8980.74
2016-06-19,3129.96,2016.74
2016-06-26,8982.39,8509.9
2016-07-03,9628.93,9060.4
2016-07-10,11690.71,11355.04
2016-07-17,7611.57,6621.91
2016-07-24,3658.54,4707.24
2016-07-31,5689.09,5818.22
2016-08-07,6720.07,6253.33
2016-08-14,10396.92,10149.68
2016-08-21,9420.12,9293.41
2016-08-28,6629.26,6870.69
2016-09-04,14824.7,14862.33
2016-09-11,9875.07,10881.61
2016-09-18,5083.95,5076.66
2016-09-25,3323.17,4504.35
2016-10-02,3987.17,4830.59
2016-10-09,5197.45,4497.88
2016-10-16,4088.86,5122.29
2016-10-23,4425.37,3504.65
2016-10-30,5706.24,6468.12
2016-11-06,4253.86,3967.36
2016-11-13,13657.95,14565.09
2016-11-20,3043.04,3926.38
2016-11-27,8818.65,9552.87
2016-12-04,7335.16,8031.23
2016-12-11,14770.92,14302.15
2016-12-18,3456.51,2450.72
2016-12-25,7172.12,6939.27
2017-01-01,14603.12,13819.58
2017-01-08,13251.59,13719.47
2017-01-15,12621.94,12252.58
2017-01-22,5352.74,6494.2
2017-01-29,4221.54,4559.87
2017-02-05,10692.36,11466.31
2017-02-12,14081.89,13199.95
2017-02-19,9237.92,10106.75
2017-02-26,9430.96,10445.58
2017-03-05,5639.73,5608.68
2017-03-12,12003.41,12258.42
2017-03-19,4431.57,5067.11
2017-03-26,6207.83,5427.44
2017-04-02,7530.67,7536.83
2017-04-09,8598.93,8355.72
2017-04-16,5151.33,4302.63
2017-04-23,3492.88,3174.96
2017-04-30,9938.06,8901.67
2017-05-07,5752.2,4614.15
2017-05-14,9556.1,8680.5
2017-05-21,4006.72,5118.2
2017-05-28,8254.82,8373.69
2017-06-04,8923.66,10041.63
2017-06-11,2673.71,2511.7
2017-06-18,6375.86,5924.22
2017-06-25,3747.39,3762.13
2017-07-02,2823.87,2678.7
2017-07-09,14869.48,13923.08
2017-07-16,6190.6,6528.58
2017-07-23,12528.37,11846.86
2017-07-30,5310.33,5597.34
2017-08-06,10859.54,11220.02
2017-08-13,11882.96,11047.82
2017-08-20,9743.3,8690.54
2017-08-27,8130.49,8804.32
2017-09-03,7353.93,7257.45
2017-09-10,6535.29,5474.88
2017-09-17,14083.88,15271.56
2017-09-24,12798.05,11736.72
2017-10-01,14545.35,15013.43
2017-10-08,3615.86,4776.69
2017-10-15,11501.28,10875.31
2017-10-22,14198.43,13339.83
2017-10-29,4356.03,3447.35
2017-11-05,2864.45,2392.31
2017-11-12,11634.57,10677.08
2017-11-19,9468.15,9929.34
2017-11-26,12943.77,11893.27
2017-12-03,3817.04,3839.65
2017-12-10,12338.48,13530.55
2017-12-17,4621.16,5374.69
2017-12-24,4127.53,4404.06
2017-12-31,4135.46,3670.47
2018-01-07,12589.47,12886.82
2018-01-14,10647.56,10712.46
2018-01-21,8799.85,8622.45
2018-01-28,6664.8,5778.5
2018-02-04,13403.61,14331.46
2018-02-11,7101.79,6981.27
2018-02-18,12615.79,11882.88
2018-02-25,7708.75,7391.37
2018-03-04,6900.28,6694.19
2018-03-11,8014.84,8800.93
2018-03-18,5917.91,6478.58
2018-03-25,11718.92,12365.25
2018-04-01,8535.37,7361.85
2018-04-08,5018.77,4817.54
2018-04-15,13694.47,13649.7
2018-04-22,6990.59,5836.65
2018-04-29,9066.19,8489.74
2018-05-06,13784.14,14408.84
2018-05-13,10115.09,9244.15
2018-05-20,3519.67,3604.41
2018-05-27,14217.82,13534.3
2018-06-03,10160.2,8989.29
2018-06-10,6353.77,5732.65
2018-06-17,3810.54,4952.64
2018-06-24,12322.33,13046.02
2018-07-01,10060.95,11163.93
2018-07-08,8934.99,8905.84
2018-07-15,13620.6,12683.97
2018-07-22,12251.76,12366.86
2018-07-29,3971.77,3862.28
2018-08-05,6052.39,6878.85
2018-08-12,5230.36,4265.76
2018-08-19,11671.3,11643.08
2018-08-26,2435.92,1596.04
2018-09-02,9408.57,8987.79
2018-09-09,11911.96,12481.62
2018-09-16,13397.95,13340.39
2018-09-23,6447.06,6149.19
2018-09-30,12676.34,12423.08
2018-10-07,3438.21,3340.88
2018-10-14,13003.88,13687.92
2018-10-21,3657.35,4598.35
2018-10-28,7164.73,8257.53
2018-11-04,12364.84,13053.41
2018-11-11,3948.93,3505.91
2018-11-18,4980.27,5431.79
2018-11-25,11389.28,11239.53
2018-12-02,11360.47,10771.68
2018-12-09,10334.92,11153.01
2018-12-16,11021.33,9913.55
2018-12-23,9055.42,10019.65
2018-12-30,5273.39,5180.94
2019-01-06,6494.05,6823.33
2019-01-13,4360.77,4743.22
2019-01-20,13809.86,14758.14
2019-01-27,9584.09,9912.1
2019-02-03,7211.07,7484.51
2019-02-10,8006.08,6966.04
2019-02-17,14314.68,14358.86
2019-02-24,3993.57,3153.98
2019-03-03,9620.99,10190.83
2019-03-10,8576.55,8605.88
2019-03-17,9948.91,10381.46
2019-03-24,2235.43,1135.44
2019-03-31,13337.61,12341.11
2019-04-07,14117.54,14636.72
2019-04-14,9346.73,8319.73
2019-04-21,11056.46,10027.48
2019-04-28,13992.49,12821.55
2019-05-05,11194.1,12289.7
2019-05-12,3983.01,4553.03
2019-05-19,9491.75,9139.55
2019-05-26,9887.3,9398.99
2019-06-02,7513.7,7152.99
2019-06-09,11573.78,12232.95
2019-06-16,14146.77,14534.06
2019-06-23,14032.39,13276.86
2019-06-30,7860.91,7078.77
2019-07-07,3472.09,2508.24
2019-07-14,14802.94,15187.67
2019-07-21,12905.68,13540.17
2019-07-28,3620.61,3056.72
2019-08-04,13970.94,12821.21
2019-08-11,13308.65,12305.86
2019-08-18,8744.89,9867.75
2019-08-25,9686.58,9195.65
2019-09-01,7187.04,7833.18
2019-09-08,2711.9,3011.09
2019-09-15,6357.56,6074.22
2019-09-22,12437.09,11730.74
2019-09-29,2060.22,1151.55
2019-10-06,6335.49,6611.52
2019-10-13,7176.19,7835.31
2019-10-20,8986.14,9331.51
2019-10-27,13958.12,14030.85
2019-11-03,6502.5,5403.18
2019-11-10,6510.39,7634.76
2019-11-17,11587.52,12304.43
2019-11-24,7878.83,7381.6
2019-12-01,4919.86,6071.79
2019-12-08,7881.71,8126.23
2019-12-15,3831.14,4028.95
2019-12-22,4293.03,4888.41
2019-12-29,8478.78,9227.03
2020-01-05,7446.03,7821.58
2020-01-12,13893.0,13000.43
2020-01-19,6711.12,6322.96
2020-01-26,9547.65,10575.05
2020-02-02,10219.44,9558.52
2020-02-09,2170.23,1863.43
2020-02-16,10625.99,10462.97
2020-02-23,4314.47,4169.04
2020-03-01,14493.91,14764.96
2020-03-08,3932.62,4996.0
2020-03-15,7390.11,6767.77
2020-03-22,3109.55,2201.15
2020-03-29,14959.37,14233.3
2020-04-05,8528.54,9457.16
2020-04-12,9740.01,10089.96
2020-04-19,2871.99,2358.17
2020-04-26,11749.49,12507.76
2020-05-03,4728.77,5596.06
2020-05-10,13674.71,14506.34
2020-05-17,4666.82,5672.24
2020-05-24,4478.94,3884.32
2020-05-31,2475.15,3087.25
2020-06-07,8136.87,8042.16
2020-06-14,9342.93,10163.73
2020-06-21,2854.21,3402.59
2020-06-28,12081.86,12745.33
2020-07-05,7892.75,8267.54
2020-07-12,8817.07,8042.9
2020-07-19,7729.92,7837.98
2020-07-26,7209.92,8373.13
2020-08-02,9275.32,10325.05
2020-08-09,4018.12,2921.74
2020-08-16,4365.07,3560.63
2020-08-23,13203.21,12319.36
2020-08-30,14299.5,14841.85
2020-09-06,6853.02,7615.7
2020-09-13,5519.68,4832.11
2020-09-20,10371.99,10386.04
2020-09-27,7313.54,8131.23
2020-10-04,2330.02,2888.74
2020-10-11,4029.98,4131.35
2020-10-18,11307.64,11524.47
2020-10-25,10566.01,10586.08
2020-11-01,2352.25,1866.37
2020-11-08,4885.64,5041.69
2020-11-15,5003.97,5457.29
2020-11-22,10734.61,11630.58
2020-11-29,2256.24,2583.34
2020-12-06,3353.41,3980.1
2020-12-13,12398.91,11583.08
2020-12-20,4321.08,4228.82
2020-12-27,10485.7,9308.1
2021-01-03,5096.38,4488.41
2021-01-10,3292.74,3836.25
2021-01-17,5161.24,6341.58
2021-01-24,11389.47,10427.5
2021-01-31,13124.05,12887.64
2021-02-07,12792.86,13513.03
2021-02-14,7163.39,6453.08
2021-02-21,10685.11,10817.31
2021-02-28,4664.8,5224.17
2021-03-07,5810.92,6089.29
2021-03-14,13652.37,12903.63
2021-03-21,2169.03,1821.95
2021-03-28,3111.61,3792.71
2021-04-04,4702.52,4832.66
2021-04-11,2344.92,1157.47
2021-04-18,4358.66,4985.04
2021-04-25,9579.54,8464.29
2021-05-02,7478.52,8068.28
2021-05-09,13604.73,12890.68
2021-05-16,12626.77,13726.15
2021-05-23,6443.63,6126.69
2021-05-30,5372.5,4957.14
2021-06-06,6936.0,6093.33
2021-06-13,9673.83,9207.28
2021-06-20,5484.83,6388.79
2021-06-27,10113.94,11305.14
2021-07-04,7322.35,7006.29
2021-07-11,9176.61,9053.28
2021-07-18,7669.64,8202.61
2021-07-25,5828.05,6754.92
2021-08-01,14329.89,14553.2
2021-08-08,11926.88,11666.54
2021-08-15,3821.47,3611.76
2021-08-22,13290.08,13759.56
2021-08-29,8336.61,7144.33
2021-09-05,13629.18,13916.19
2021-09-12,12398.12,12051.3
2021-09-19,7527.78,8233.85
2021-09-26,2292.1,1315.28
2021-10-03,5492.81,5704.5
2021-10-10,9041.24,8995.57
2021-10-17,10235.22,10576.8
2021-10-24,5352.54,4308.19
2021-10-31,3811.63,4003.59
2021-11-07,12854.09,13001.65
2021-11-14,14797.23,14942.81
2021-11-21,8833.97,9082.34
2021-11-28,4231.83,4655.35
2021-12-05,5540.0,6271.97
2021-12-12,2239.08,1686.65
2021-12-19,13885.88,14666.0
2021-12-26,3530.76,3526.57
2022-01-02,9494.71,8479.65
2022-01-09,5562.72,4503.24
2022-01-16,9204.31,8806.48
2022-01-23,10468.47,11152.22
2022-01-30,12786.64,13285.07
2022-02-06,4683.48,5376.16
2022-02-13,2142.95,2184.4
2022-02-20,3779.51,3635.99
2022-02-27,13700.24,12854.13
2022-03-06,13360.57,12948.23
2022-03-13,9766.37,9608.02
2022-03-20,9806.72,8819.36
2022-03-27,10645.48,9974.95
2022-04-03,4279.83,4515.57
2022-04-10,13887.36,14452.95
2022-04-17,7444.02,8640.05
2022-04-24,6980.8,8020.27
2022-05-01,8745.93,9088.09
2022-05-08,2610.56,2421.56
2022-05-15,4161.68,4488.51
2022-05-22,11594.44,12280.0
2022-05-29,3076.38,2160.39
2022-06-05,9840.98,9624.75
2022-06-12,5189.54,6005.07
2022-06-19,7060.84,6782.04
2022-06-26,5753.02,5925.51
2022-07-03,6623.75,6834.4
2022-07-10,11347.6,10590.34
2022-07-17,5862.58,5531.95
2022-07-24,9363.26,8966.09
2022-07-31,8188.66,7051.53
2022-08-07,10627.73,9485.79
2022-08-14,14178.79,14974.86
2022-08-21,11523.44,10978.81
2022-08-28,4794.22,4837.61
2022-09-04,2405.38,1922.32
2022-09-11,5409.43,6467.06
2022-09-18,9736.01,9158.32
2022-09-25,2668.54,2499.72
2022-10-02,8452.76,9347.31
2022-10-09,9758.96,10579.6
2022-10-16,6345.17,5591.81
2022-10-23,12021.86,12748.2
2022-10-30,3385.78,3285.43
2022-11-06,2976.79,2935.92
2022-11-13,11466.45,10586.8
2022-11-20,8441.39,7434.83
2022-11-27,10949.23,11496.28
2022-12-04,7652.76,7644.27
2022-12-11,5203.23,5051.67
2022-12-18,12648.33,13199.15
2022-12-25,12392.41,13029.64
2023-01-01,11031.05,10212.43
2023-01-08,5537.89,5802.43
2023-01-15,9673.0,8797.85
2023-01-22,6692.66,7295.96
2023-01-29,3190.57,3567.26
2023-02-05,13925.08,15020.96
2023-02-12,3778.64,2744.14
2023-02-19,14353.09,13290.02
2023-02-26,7798.08,7275.33
